<?xml version="1.0" encoding="utf-8"?>
<SampleMetadata>
	<ID>ccad721a-8bdc-40d1-bbd4-6de98b135098</ID>
	<IsFullApplication>true</IsFullApplication>
	<Level>Beginner</Level>
	<Tags>Data, User Interface, Xamarin.Forms</Tags>
	<SupportedPlatforms>iOS, Android, Windows</SupportedPlatforms>
	<LicenseRequirement>Indie</LicenseRequirement>
	<Gallery>true</Gallery>
	<Brief>This sample demonstrates a Todo list application where the data is stored and accessed in a local SQLite database.</Brief>
</SampleMetadata>
